REG001,25,Male,Bachelor,Engineer,3,60000
REG002,30,Female,Master,Manager,5,80000
REG003,28,Male,PhD,Scientist,4,75000
REG004,35,Female,HighSchool,Technician,10,40000
REG005,22,Male,Diploma,Clerk,1,25000
REG006,40,Female,Master,Director,15,120000
REG007,29,Male,Bachelor,Developer,4,65000
REG008,31,Female,PhD,Data Scientist,6,90000
REG009,33,Male,Master,Analyst,7,70000
REG010,27,Female,Bachelor,Designer,3,55000
REG011,26,Male,Diploma,Support,2,30000
REG012,45,Female,PhD,Professor,20,130000
REG013,23,Male,Bachelor,Assistant,1,32000
REG014,38,Female,HighSchool,Nurse,12,50000
REG015,32,Male,Master,Consultant,8,85000
REG016,24,Female,Diploma,Receptionist,2,28000
REG017,37,Male,Bachelor,Mechanic,10,40000
REG018,34,Female,Master,Architect,9,95000
REG019,29,Male,Bachelor,Writer,5,48000
REG020,36,Female,Bachelor,Lawyer,10,110000
REG021,41,Male,PhD,Researcher,15,125000
REG022,28,Female,Master,HR,4,60000
REG023,27,Male,Bachelor,Accountant,3,55000
REG024,35,Female,Diploma,Teacher,11,52000
REG025,25,Male,Bachelor,Trainer,3,45000
REG026,39,Female,PhD,Psychologist,14,115000
REG027,30,Male,Master,Marketer,6,70000
REG028,26,Female,Bachelor,Editor,2,42000
REG029,33,Male,Diploma,Salesperson,7,35000
REG030,42,Female,Master,Consultant,16,105000
REG031,29,Male,Bachelor,Developer,5,68000
REG032,31,Female,Master,Data Analyst,6,75000
REG033,28,Male,HighSchool,Driver,4,30000
REG034,37,Female,Bachelor,Entrepreneur,10,95000
REG035,32,Male,Diploma,Technician,8,43000
REG036,36,Female,PhD,Scientist,12,115000
REG037,25,Male,Master,Engineer,3,70000
REG038,40,Female,Bachelor,Manager,15,95000
REG039,27,Male,Diploma,Operator,3,32000
REG040,34,Female,Bachelor,Assistant,8,40000
REG041,26,Male,HighSchool,Helper,2,25000
REG042,45,Female,Master,Director,20,140000
REG043,33,Male,PhD,Researcher,7,80000
REG044,28,Female,Bachelor,Designer,4,60000
REG045,31,Male,Master,Engineer,5,72000
REG046,38,Female,PhD,Professor,13,125000
REG047,30,Male,Bachelor,Marketer,6,68000
REG048,35,Female,Diploma,Teacher,12,55000
REG049,29,Male,Bachelor,Trainer,4,50000
REG050,25,Female,HighSchool,Nurse,3,38000
